{
	"format_version": "1.21.6",
	"credit": "Made with Blockbench",
	"textures": {
		"lower_detail_0": "villageemblems:item/blank",
		"particle": "villageemblems:item/blank"
	},
	"elements": [
		{
			"name": "lower_detail_0",
			"from": [0, 0, 7.5],
			"to": [16, 16, 8.5],
			"rotation": {"angle": 0, "axis": "y", "origin": [8, 6, 8]},
			"faces": {
				"north": {"uv": [0, 0, 16, 16], "texture": "#lower_detail_0"},
				"south": {"uv": [0, 0, 16, 16], "texture": "#lower_detail_0"}
			}
		}
	],
	"gui_light": "front",
	"display": {
		"thirdperson_righthand": {
			"rotation": [90, -180, 0],
			"translation": [0, 0.5, 0.5],
			"scale": [0.75, 0.75, 0.75]
		},
		"thirdperson_lefthand": {
			"rotation": [90, -180, 0],
			"translation": [0, 0.5, 0],
			"scale": [0.75, 0.75, 0.75]
		},
		"firstperson_righthand": {
			"rotation": [-10, -45, 0],
			"translation": [2, 4, -1.5],
			"scale": [0.75, 0.75, 0.75]
		},
		"firstperson_lefthand": {
			"rotation": [-10, -45, 0],
			"translation": [2, 4, -1.5],
			"scale": [0.75, 0.75, 0.75]
		},
		"ground": {
			"translation": [0, 2, 0],
			"scale": [0.75, 0.75, 0.75]
		},
		"fixed": {
			"rotation": [0, -180, 0]
		}
	}
}