{
	"format_version": "1.21.6",
	"credit": "Made with Blockbench",
	"textures": {
		"base": "villageemblems:item/base/0",
		"particle": "villageemblems:item/base/0"
	},
	"elements": [
		{
			"name": "long_width",
			"from": [2, 5, 7.5],
			"to": [14, 11, 8.5],
			"rotation": {"angle": 0, "axis": "y", "origin": [7, 7, 7]},
			"faces": {
				"east": {"uv": [13.5, 5, 14, 11], "texture": "#base"},
				"west": {"uv": [2, 5, 2.5, 11], "texture": "#base"},
				"up": {"uv": [2, 5, 14, 5.5], "texture": "#base"},
				"down": {"uv": [2, 10.5, 14, 11], "texture": "#base"}
			}
		},
		{
			"name": "long_height",
			"from": [5, 2, 7.5],
			"to": [11, 14, 8.5],
			"rotation": {"angle": 0, "axis": "y", "origin": [5, 2, 0]},
			"faces": {
				"east": {"uv": [10.5, 2, 11, 14], "texture": "#base"},
				"west": {"uv": [5, 2, 5.5, 14], "texture": "#base"},
				"up": {"uv": [5, 2, 11, 2.5], "texture": "#base"},
				"down": {"uv": [5, 13.5, 11, 14], "texture": "#base"}
			}
		},
		{
			"from": [2.5, 4.5, 7.5],
			"to": [13.5, 11.5, 8.5],
			"rotation": {"angle": 0, "axis": "y", "origin": [2, 4, 0]},
			"faces": {
				"east": {"uv": [2.5, 5, 2, 11], "texture": "#base"},
				"west": {"uv": [2.5, 5, 2, 11], "texture": "#base"},
				"up": {"uv": [5, 2, 11, 2.5], "texture": "#base"},
				"down": {"uv": [5, 2, 11, 2.5], "texture": "#base"}
			}
		},
		{
			"from": [3, 4, 7.5],
			"to": [13, 12, 8.5],
			"rotation": {"angle": 0, "axis": "y", "origin": [3, 4, 0]},
			"faces": {
				"east": {"uv": [5, 2, 11, 2.5], "texture": "#base"},
				"west": {"uv": [5, 2, 11, 2.5], "texture": "#base"},
				"up": {"uv": [5, 2, 11, 2.5], "texture": "#base"},
				"down": {"uv": [5, 2, 11, 2.5], "texture": "#base"}
			}
		},
		{
			"from": [3.5, 3.5, 7.5],
			"to": [12.5, 12.5, 8.5],
			"rotation": {"angle": 0, "axis": "y", "origin": [2, 4, 0]},
			"faces": {
				"east": {"uv": [2.5, 5, 2, 11], "texture": "#base"},
				"west": {"uv": [2.5, 5, 2, 11], "texture": "#base"},
				"up": {"uv": [5, 2, 11, 2.5], "texture": "#base"},
				"down": {"uv": [5, 2, 11, 2.5], "texture": "#base"}
			}
		},
		{
			"from": [4, 3, 7.5],
			"to": [12, 13, 8.5],
			"rotation": {"angle": 0, "axis": "y", "origin": [3, 4, 0]},
			"faces": {
				"east": {"uv": [5, 2, 11, 2.5], "texture": "#base"},
				"west": {"uv": [5, 2, 11, 2.5], "texture": "#base"},
				"up": {"uv": [5, 2, 11, 2.5], "texture": "#base"},
				"down": {"uv": [5, 2, 11, 2.5], "texture": "#base"}
			}
		},
		{
			"from": [4.5, 2.5, 7.5],
			"to": [11.5, 13.5, 8.5],
			"rotation": {"angle": 0, "axis": "y", "origin": [2, 4, 0]},
			"faces": {
				"east": {"uv": [2.5, 5, 2, 11], "texture": "#base"},
				"west": {"uv": [2.5, 5, 2, 11], "texture": "#base"},
				"up": {"uv": [5, 2, 11, 2.5], "texture": "#base"},
				"down": {"uv": [5, 2, 11, 2.5], "texture": "#base"}
			}
		},
		{
			"name": "base",
			"from": [0, 0, 7.5],
			"to": [16, 16, 8.5],
			"rotation": {"angle": 0, "axis": "y", "origin": [8, 6, 8]},
			"faces": {
				"north": {"uv": [16, 0, 0, 16], "texture": "#base"},
				"south": {"uv": [0, 0, 16, 16], "texture": "#base"}
			}
		}
	],
	"gui_light": "front",
	"display": {
		"thirdperson_righthand": {
			"rotation": [90, -180, 0],
			"translation": [0, 0.5, 0.5],
			"scale": [0.75, 0.75, 0.75]
		},
		"thirdperson_lefthand": {
			"rotation": [90, -180, 0],
			"translation": [0, 0.5, 0],
			"scale": [0.75, 0.75, 0.75]
		},
		"firstperson_righthand": {
			"rotation": [-10, -45, 0],
			"translation": [2, 4, -1.5],
			"scale": [0.75, 0.75, 0.75]
		},
		"firstperson_lefthand": {
			"rotation": [-10, -45, 0],
			"translation": [2, 4, -1.5],
			"scale": [0.75, 0.75, 0.75]
		},
		"ground": {
			"translation": [0, 2, 0],
			"scale": [0.75, 0.75, 0.75]
		},
		"fixed": {
			"rotation": [0, -180, 0]
		}
	},
	"groups": [
		{
			"name": "all",
			"origin": [8, 8, 8],
			"color": 0,
			"children": [
				{
					"name": "base_faked",
					"origin": [8, 8, 8],
					"color": 0,
					"children": [
						0,
						1,
						{
							"name": "top_to_bottom",
							"origin": [8, 8, 8],
							"color": 0,
							"children": [2, 3, 4, 5, 6]
						}
					]
				},
				7
			]
		}
	]
}