{
	"credit": "Made with Blockbench",
	"textures": {
		"particle": "villageemblems:item/blank",
		"base": "villageemblems:item/base/0",
		"lower_detail_0": "villageemblems:item/blank",
		"lower_detail_1": "villageemblems:item/blank",
		"lower_detail_2": "villageemblems:item/blank",
		"body": "villageemblems:item/blank",
		"middle_detail_0": "villageemblems:item/blank",
		"middle_detail_1": "villageemblems:item/blank",
		"middle_detail_2": "villageemblems:item/blank",
		"emblem": "villageemblems:item/blank"
	},
	"elements": [
		{
			"name": "base",
			"from": [4, 4, 7.5],
			"to": [12, 12, 8],
			"rotation": {"angle": 0, "axis": "y", "origin": [8, 6, 8]},
			"faces": {
				"north": {"uv": [0, 0, 16, 16], "texture": "#3"},
				"east": {"uv": [0.5, 0, 0, 16], "texture": "#4"},
				"south": {"uv": [16, 0, 0, 16], "texture": "#4"},
				"west": {"uv": [15.5, 0, 16, 16], "texture": "#4"},
				"up": {"uv": [16, 0.5, 0, 0], "texture": "#4"},
				"down": {"uv": [16, 15.5, 0, 16], "texture": "#4"}
			}
		},
		{
			"name": "inner_edge",
			"from": [11.5, 11.5, 8],
			"to": [4.5, 4.5, 7.575],
			"rotation": {"angle": 0, "axis": "y", "origin": [8, 6, 8]},
			"faces": {
				"east": {"uv": [15.5, 15, 15, 1], "texture": "#2"},
				"south": {"uv": [0, 0, 16, 16], "texture": "#3"},
				"west": {"uv": [1, 15, 0.35, 1], "texture": "#2"},
				"up": {"uv": [1, 15.15, 15, 15.5], "texture": "#2"},
				"down": {"uv": [1, 0.5, 15, 0.85], "texture": "#2"}
			}
		},
		{
			"name": "base",
			"from": [5, 5, 7.26],
			"to": [11, 11, 7.585],
			"rotation": {"angle": 0, "axis": "y", "origin": [8, 6, 8]},
			"faces": {
				"south": {"uv": [0, 0, 16, 16], "texture": "#base"}
			}
		},
		{
			"name": "lower_detail_0",
			"from": [5, 5, 7.26],
			"to": [11, 11, 7.586],
			"rotation": {"angle": 0, "axis": "y", "origin": [8, 6, 8]},
			"faces": {
				"south": {"uv": [0, 0, 16, 16], "texture": "#lower_detail_0"}
			}
		},
		{
			"name": "lower_detail_1",
			"from": [5, 5, 7.26],
			"to": [11, 11, 7.587],
			"rotation": {"angle": 0, "axis": "y", "origin": [8, 6, 8]},
			"faces": {
				"south": {"uv": [0, 0, 16, 16], "texture": "#lower_detail_1"}
			}
		},
		{
			"name": "lower_detail_2",
			"from": [5, 5, 7.26],
			"to": [11, 11, 7.588],
			"rotation": {"angle": 0, "axis": "y", "origin": [8, 6, 8]},
			"faces": {
				"south": {"uv": [0, 0, 16, 16], "texture": "#lower_detail_2"}
			}
		},
		{
			"name": "body",
			"from": [5, 5, 7.26],
			"to": [11, 11, 7.589],
			"rotation": {"angle": 0, "axis": "y", "origin": [8, 6, 8]},
			"faces": {
				"south": {"uv": [0, 0, 16, 16], "texture": "#body"}
			}
		},
		{
			"name": "middle_detail_0",
			"from": [5, 5, 7.26],
			"to": [11, 11, 7.59],
			"rotation": {"angle": 0, "axis": "y", "origin": [8, 6, 8]},
			"faces": {
				"south": {"uv": [0, 0, 16, 16], "texture": "#middle_detail_0"}
			}
		},
		{
			"name": "middle_detail_1",
			"from": [5, 5, 7.26],
			"to": [11, 11, 7.591],
			"rotation": {"angle": 0, "axis": "y", "origin": [8, 6, 8]},
			"faces": {
				"south": {"uv": [0, 0, 16, 16], "texture": "#middle_detail_1"}
			}
		},
		{
			"name": "middle_detail_2",
			"from": [5, 5, 7.26],
			"to": [11, 11, 7.592],
			"rotation": {"angle": 0, "axis": "y", "origin": [8, 6, 8]},
			"faces": {
				"south": {"uv": [0, 0, 16, 16], "texture": "#middle_detail_2"}
			}
		},
		{
			"name": "emblem",
			"from": [5, 5, 7.26],
			"to": [11, 11, 7.593],
			"rotation": {"angle": 0, "axis": "y", "origin": [8, 6, 8]},
			"faces": {
				"south": {"uv": [0, 0, 16, 16], "texture": "#emblem"}
			}
		}
	],
	"gui_light": "front",
	"display": {
		"thirdperson_righthand": {
			"rotation": [90, 180, 0],
			"translation": [0, 0.625, 0.5]
		},
		"thirdperson_lefthand": {
			"rotation": [90, 180, 0],
			"translation": [0, 0.625, 0.5]
		},
		"firstperson_righthand": {
			"translation": [2, 4, 0]
		},
		"firstperson_lefthand": {
			"translation": [2, 4, 0]
		},
		"fixed": {
			"rotation": [0, 180, 0]
		}
	},
	"groups": [
		{
			"name": "all",
			"origin": [8, 8, 8],
			"color": 0,
			"children": [
				{
					"name": "frame",
					"origin": [0, 0, 7],
					"color": 0,
					"children": [0, 1]
				},
				2,
				3,
				4,
				5,
				6,
				7,
				8,
				9,
				10
			]
		}
	]
}